SepalLength,SepalWidth,PetalLength,PetalWidth,Species
5.14901424590337,3.472347139765763,1.6295377076201385,0.2761514928204013,Iris-setosa
4.929753987582999,3.453172608610164,1.8158425631014783,0.23837173645764545,Iris-setosa
4.8591576842195146,3.608512008717193,1.4073164614375075,0.17671351232148716,Iris-setosa
5.07258868146981,3.1173439510684404,1.1550164334973934,0.17188562353795137,Iris-setosa
4.696150663899673,3.562849466519055,1.3183951848957578,0.12938481493323545,Iris-setosa
5.439694630676466,3.454844739902693,1.5135056409375847,0.12876259068932716,Iris-setosa
4.836685182642445,3.522184517941973,1.2698012845155393,0.21878490091728361,Iris-setosa
4.819808393024359,3.441661250041345,1.3796586775541206,0.2926139092254469,Iris-setosa
4.99595083257862,3.28845781420882,1.6645089824206378,0.1389578175014489,Iris-setosa
5.062659078501427,3.108065975224045,1.2343627902203138,0.2098430617934562,Iris-setosa
5.221539973998623,3.534273656237994,1.4768703435223518,0.18494481522053557,Iris-setosa
4.556443402889772,3.3560311583210582,1.4078722458080426,0.2528561113109458,Iris-setosa
5.103085486870539,3.147391968927453,1.564816793878959,0.18074588597918417,Iris-setosa
4.796923399908213,3.6223352577681736,1.7061999044991902,0.24656400595580993,Iris-setosa
4.748234743033208,3.438157524829757,1.5662526862807127,0.24877725635611797,Iris-setosa
4.856247728646413,3.4628682046672368,1.2787330051987944,0.14018966879596648,Iris-setosa
5.243757746718259,3.7712480057141646,1.4855979756839333,0.25017664489460123,Iris-setosa
5.10849080751429,3.3709760490789753,1.5722791211016829,0.27690182832329846,Iris-setosa
4.989252188267015,3.8129287311628013,0.9760509791820511,0.2410951252187612,Iris-setosa
5.026114120471451,3.4401985299068265,1.5183521553071004,0.10062155426995537,Iris-setosa
4.934098433648747,3.5714225143023492,1.7955788089483034,0.17408648908631763,Iris-setosa
4.757451919132044,3.3996485912830927,1.6830804235404149,0.21643755548298424,Iris-setosa
4.841071938869888,3.602653486622671,1.519415509869608,0.24843224952664447,Iris-setosa
4.789384071836794,3.434467570680446,1.4215783693735684,0.12682425259339408,Iris-setosa
5.088836083119372,3.5522110544359777,1.501022691328492,0.18827064333124266,Iris-setosa
4.575388777384876,3.4158709354469283,1.431457096694646,0.15988613653891906,Iris-setosa
4.951614286500197,3.5808101713629075,1.8772371802421062,0.20872889064159195,Iris-setosa
5.07726511721683,3.4851108168467664,1.1162457569401916,0.19867430622753918,Iris-setosa
5.018069062982308,3.9926484224970573,1.4615278070437756,0.21507736711668063,Iris-setosa
4.989586469088427,3.2662643924760935,1.7285645629030042,0.2375966516343387,Iris-setosa
5.237309584112914,3.318122509041052,1.78055886218722,0.12990744686038597,Iris-setosa
5.176057128140081,3.938091125161996,1.3018927349738623,0.1716851135198614,Iris-setosa
5.029895409526293,3.3993048691767602,1.1898673137867735,0.20342814874030138,Iris-setosa
4.681308885882169,3.5947184861270363,1.3161151531532393,0.277496720250877,Iris-setosa
4.765024012299129,3.4355876967588648,1.662703443473934,0.13845678417830226,Iris-setosa
5.068237980381239,3.7614285508564858,1.1785033530877544,0.20923169292661523,Iris-setosa
5.077964838274527,3.6563645743554622,1.2526098578243836,0.13397716934578618,Iris-setosa
5.15658246968507,3.5593969346466374,1.5500985700691754,0.2173224104748488,Iris-setosa
4.795992583526453,3.546450739432201,1.5586144946597362,0.16428242909868163,Iris-setosa
5.559732353343427,3.5947665841823575,1.2617393005594701,0.2328276804316915,Iris-setosa
4.707595498931804,3.6574169207484903,1.7317191158014809,0.1589658840824145,Iris-setosa
5.289012838773297,3.5825561853872996,1.664412031998898,0.2948396491326974,Iris-setosa
4.926383565199139,3.349252767128502,1.3220971140748954,0.1592094857517281,Iris-setosa
4.976869487175769,3.568230394963329,1.5553381598660039,0.2413591624518012,Iris-setosa
5.003900567563372,3.7907068154314634,1.4470686333524088,0.33600845832948095,Iris-setosa
5.187700204329502,3.3285684887167433,1.2858215003877775,0.22412362076215928,Iris-setosa
4.932961164402244,3.6428000988184186,1.594647524914709,0.19635855436715638,Iris-setosa
4.745961884579478,3.197030555062827,1.4106970095865958,0.24281993971617363,Iris-setosa
5.064228123239062,3.250852244257602,1.5346361851702364,0.21926586898644185,Iris-setosa
4.73484276913966,3.5307450211891056,1.5116417436892,0.14285148510846885,Iris-setosa
5.107336208104485,3.612156905273647,1.7166102486350554,0.2526901026017452,Iris-setosa
4.586699189612872,3.3124349920169753,1.603007053441732,0.22568929754561046,Iris-setosa
5.154514305891814,4.270546298130944,1.6141781021386334,0.25677828200902997,Iris-setosa
5.286200529047961,3.6302782502611595,1.4369461510719308,0.23794846102466338,Iris-setosa
4.768152435638728,3.4526362786519984,1.4029272904341794,0.20409370696931614,Iris-setosa
5.694397570002053,3.12654696148165,1.6372520380749027,0.11936420644051743,Iris-setosa
4.85842044026317,3.7177901193934733,1.5128560038190926,0.14611276110353472,Iris-setosa
4.78540888722201,3.635919549786935,1.3539266736565727,0.21082292947909875,Iris-setosa
5.013671551971144,3.3696799304788367,1.9287888178650652,0.23169595111590058,Iris-setosa
4.392457224002718,3.5372908629538857,1.3676427070463224,0.24262166673981123,Iris-setosa
4.762243778470189,3.4770527117066203,1.6009974557960915,0.24328775970850608,Iris-setosa
4.6399110778832675,3.43309975283181,1.4050109377678088,0.16733353837131443,Iris-setosa
5.529636272084329,3.5809963421921913,1.2478232091329908,0.24589309735273882,Iris-setosa
5.63664685910379,3.7064930521102295,1.1961260068091972,0.17578829635668744,Iris-setosa
5.380073344755987,3.358466106876244,1.5887638856292456,0.23873170267146684,Iris-setosa
4.721920858526575,3.48809492878764,0.8517465319861854,0.1487806179332855,Iris-setosa
4.924229554582052,3.25044336360703,1.8264822607863271,0.12849293110196836,Iris-setosa
4.867986653990905,3.526148115457218,1.7882546578132232,0.12820689244102804,Iris-setosa
5.348949125646488,3.5020466122039173,1.3036982697904098,0.22310517371316355,Iris-setosa
5.059717908672041,3.379956624568241,1.5139604169980039,0.180734320156912,Iris-setosa
5.034055203575375,3.6324261349042093,1.8172033632290705,0.13810922505865755,Iris-setosa
5.63991001239688,3.1095824400954997,1.4696429809928833,0.22941586032422884,Iris-setosa
5.084297560320509,3.3754600960358814,1.458375549928545,0.17534995326705838,Iris-setosa
4.823190572916737,3.669920419404205,1.5714030971930095,0.16535452023696728,Iris-setosa
5.269879962629975,3.561459904175322,1.662572423767792,0.23148144209618063,Iris-setosa
4.751301496723379,3.387963791960606,1.6494587210246523,0.23051851327167325,Iris-setosa
4.993729521810756,3.5234654766617566,1.755532979157685,0.17042143055820852,Iris-setosa
5.164129214351012,3.459561469513221,1.456463759354556,0.2549388425993595,Iris-setosa
5.2476249046964085,3.6627019272001275,1.7610957614308658,0.20105019208163796,Iris-setosa
5.204585891388489,3.437946648681309,1.5648332704976884,0.19349284728161578,Iris-setosa
5.029098789497816,3.619031405087383,1.3363558633533055,0.304619363784273,Iris-setosa
4.69819478555009,3.2571622774424536,1.7316221747000136,0.2395831346981468,Iris-setosa
5.1872359451156465,3.625669101852856,1.4975506454306171,0.15513728142570843,Iris-setosa
5.022741367458118,3.364567657697578,1.6950239466835502,0.19264713092489308,Iris-setosa
4.752350840962246,3.4357228316694015,1.582586290855125,0.17181377235980128,Iris-setosa
4.753333881330071,3.5487374422983824,1.5489933142217445,0.17465284123144353,Iris-setosa
4.858688508314503,3.5464099874715274,1.2103831317005351,0.12962681128117226,Iris-setosa
4.784466733624269,3.4573105696576305,1.5621815131196009,0.2737678108474776,Iris-setosa
5.257297886960606,3.4680122940073144,1.4961967584194622,0.14987353176810958,Iris-setosa
4.994446059202283,3.4422682722159723,1.564543712067618,0.15863845282238387,Iris-setosa
5.1558039542723515,3.8065477826005156,1.4782479703086284,0.22008558610494708,Iris-setosa
5.207043197513333,3.4197559056228326,1.5448184963620835,0.20062962003908977,Iris-setosa
5.029302829564649,3.3453980432289065,1.5049020348517885,0.22489991456227248,Iris-setosa
5.4353430823385125,3.6918541652170416,1.9306364915023113,0.16163262185559754,Iris-setosa
5.2616961910162034,3.5366684011476703,1.9379605866435345,0.15958508573224245,Iris-setosa
4.748083447345767,3.3801214709111957,1.0752208551380387,0.17371224891596196,Iris-setosa
4.772260201533891,3.5300787572952417,1.5683511951554319,0.2938085419607943,Iris-setosa
5.285127151455815,3.384619268867519,1.3203170657303285,0.2245959585753253,Iris-setosa
4.603930037893807,3.866291753170871,1.7358880241442574,0.17654121739476478,Iris-setosa
4.486059641272737,3.7707744748330825,1.4770920309494764,0.2618908155986731,Iris-setosa
4.52167170236169,3.3801249954092456,1.5010487399436365,0.20234902968823712,Iris-setosa
4.864980358556227,3.6245699864694996,1.2864759141234812,0.19288102574893534,Iris-setosa
5.036088689513569,3.6028877668117496,1.642322975617778,0.14376789540810656,Iris-setosa
4.539765748779313,3.7555353643797016,1.5664628023959184,0.16257567317217234,Iris-setosa
5.465345592656757,3.523134926858572,1.7358594368127653,0.20337592407050545,Iris-setosa
5.618224377464596,3.851068168488641,1.4502071703041852,0.2485785475477178,Iris-setosa
5.193612784875544,3.77372631150647,1.307015307883979,0.23430257299992197,Iris-setosa
5.317527346054876,3.148252102715377,1.263348297466845,0.09803839111199497,Iris-setosa
4.919177949666633,3.6435084511591924,1.8004714104192057,0.20370473902098876,Iris-setosa
5.4885846636713875,3.223979708357022,1.1593235121289691,0.19722261505516908,Iris-setosa
5.115219634681792,3.4934610503811814,1.0865115799920246,0.1955439980243606,Iris-setosa
4.608659149848544,3.6339345097660076,1.5733196492193697,0.15300601068363223,Iris-setosa
4.845839924798992,3.28815729562221,1.4874641805453657,0.24775711602506192,Iris-setosa
4.704282186099337,3.600809303103569,1.3939484763255119,0.1603563583868828,Iris-setosa
4.967890892013632,3.292951535516125,1.3892701389305635,0.1401061053705576,Iris-setosa
5.589417539874916,3.507052710394346,1.3600548984014829,0.21069899553671112,Iris-setosa
4.966301585092751,3.4558060800933554,1.622833340008685,0.23787538550236526,Iris-setosa
4.840849655716842,3.384836351871064,1.4449896605696713,0.08490394176322076,Iris-setosa
4.545442681340434,3.773374853488905,1.8289935427002568,0.1875481980221811,Iris-setosa
5.17296708891673,3.5622500309087073,2.1157761616910475,0.25597874557172884,Iris-setosa
4.96162472255577,3.3088919118799147,1.1787107359484854,0.21017318179336117,Iris-setosa
4.773094776414709,3.215549258080465,1.3706854231514947,0.14592259981928027,Iris-setosa
5.5061424905217695,3.67632795138989,1.4984054717366766,0.2739972069445013,Iris-setosa
5.023210492294285,3.3277431597343474,1.8046248154539315,0.22694550218423296,Iris-setosa
4.688826153702063,3.4619322643832784,1.3248763493230484,0.13086001345178322,Iris-setosa
5.277853264259493,3.881883328094026,1.2202864852361717,0.22814846183452855,Iris-setosa
4.804807229263452,3.4025749232470606,1.3815212151522263,0.1568004615160092,Iris-setosa
5.014556488383448,3.3338099767177924,1.5540913651559678,0.19748809452754315,Iris-setosa
4.928315585940077,3.3184872675916806,1.3846457338863334,0.23776956129128782,Iris-setosa
5.150275156287314,3.3044889510402897,1.5198664610858452,0.23756935616858946,Iris-setosa
4.499178415663589,3.608672038475987,1.3674752482108308,0.228529933429658,Iris-setosa
4.771022253037245,3.139023579867096,1.1744915124233675,0.2024042473330691,Iris-setosa
5.077916750516445,3.3191366749791182,1.6277184917554748,0.11692399688655201,Iris-setosa
4.980176060405805,3.257796760047509,1.369632778439568,0.20236993356582073,Iris-setosa
4.7418759904148144,3.423088891154035,1.7012585618428882,0.17115540652384256,Iris-setosa
5.250707633619543,3.2740586290684766,1.6059608355830566,0.27207843103289503,Iris-setosa
4.258506649961813,3.3406209489059044,1.615414425436108,0.18984773069785038,Iris-setosa
5.111343762011392,3.379202962656836,1.5173179574945799,0.19221613823039604,Iris-setosa
5.350334618497942,3.5508841686602426,1.5675205324150405,0.17940615169387664,Iris-setosa
4.853718132778252,3.413488362436076,1.5788904284756593,0.17895077595898687,Iris-setosa
5.086932457068924,3.915080159729088,1.6742249406863385,0.18369882339160795,Iris-setosa
5.360364176649184,3.4183849253956895,1.0923750929644291,0.1495956844541298,Iris-setosa
4.438762423692244,3.4296973031917384,1.5036836758379104,0.28382186561376416,Iris-setosa
5.0980782121292485,3.456179894238227,1.6658811162366978,0.08944323454960575,Iris-setosa
5.07068436743257,3.6541730387773934,1.2042827508440317,0.2571877021603465,Iris-setosa
5.101548922248324,3.4169424172198397,1.626556373221257,0.3135346428902198,Iris-setosa
5.054559876517549,3.5496441172600672,1.4081278200919511,0.15750778152676043,Iris-setosa
5.249100744963274,3.3287832348182267,1.5143132474438785,0.17611712766174417,Iris-setosa
5.143693947723918,3.56673242105739,1.7075079888515798,0.17449918005726267,Iris-setosa
4.919037519411988,3.3042472568435386,1.4111413479847776,0.2188650246522426,Iris-setosa
5.227096584993606,3.3155669351644748,1.673921184021132,0.26778189294024757,Iris-setosa
5.12403047096711,3.875359162511613,1.3452421601792854,0.13776726483442917,Iris-setosa
4.466383925328716,3.799208862297837,1.6308731312708116,0.19722076645447725,Iris-setosa
5.083990587895946,3.274902190540325,1.9891503959233652,0.2064610590987614,Iris-setosa
5.032818438381468,3.6451533247797383,1.5962018463473426,0.21119420121395657,Iris-setosa
4.762857663366407,3.594293671427199,1.8764048992950069,0.2672710023077489,Iris-setosa
5.477955987991819,3.397756864713763,1.302079035948284,0.1937106539950176,Iris-setosa
5.016717473686608,3.7188383036941897,1.1615070740570361,0.2764775159730307,Iris-setosa
4.952597630426303,3.414623786010516,1.2975791249479665,0.11725716640671154,Iris-setosa
5.246951175188574,3.514663593437681,1.2420078200517892,0.13524606139681922,Iris-setosa
4.899264590212962,3.8338043050578787,1.448081729727279,0.1248428523440947,Iris-setosa
4.926277080774216,3.445455286050466,0.9606226714116857,0.1972852566741094,Iris-setosa
4.930719640937396,3.6392412729626837,1.869791218989069,0.2563282514773879,Iris-setosa
4.9193333928335505,3.2786948182516658,2.014671960649972,0.2029609217007244,Iris-setosa
5.004178787573884,3.4951749825779994,1.539616952153571,0.1927819794038029,Iris-setosa
4.827901397935929,3.3906282117519218,1.4934493459568003,0.17282876144331177,Iris-setosa
4.786146265196851,3.521286045538379,1.449004556515829,0.27519964942913444,Iris-setosa
4.204709057482097,3.7183013703844923,1.7492170384995258,0.09633048837959253,Iris-setosa
4.897193721775896,3.4257118268008417,1.2184976610564358,0.16110916562045624,Iris-setosa
4.666827246360251,3.8504540886847245,1.6871356786294922,0.26357775474970796,Iris-setosa
5.216501619212971,3.2741896457565542,1.3950959467440454,0.22446872806139592,Iris-setosa
4.633361657332417,3.642599686034478,1.451934920368373,0.18125895962252014,Iris-setosa
5.213287990461048,3.588852662297208,1.427806766836184,0.25796649016821244,Iris-setosa
4.675681001720031,3.623187121388853,1.6186202515936767,0.1845226780343005,Iris-setosa
5.097839906672635,3.2497772847229394,1.6848054038413802,0.19075489317785055,Iris-setosa
4.843183093844289,3.709801845167378,1.3591312618914482,0.129576935181822,Iris-setosa
4.533011247942829,3.621201990269128,1.2439141295007434,0.28773970909921825,Iris-setosa
4.375421177634883,3.8392912736580076,1.5422034934405238,0.1951643444064804,Iris-setosa
4.836524273957315,3.579827222870414,1.4924730595150304,0.2551650941008261,Iris-setosa
5.034268294598612,3.5300603522923755,1.4272775575572287,0.19715271881394664,Iris-setosa
5.0923405306676175,3.157966321468675,1.2303629155788574,0.23716320470113578,Iris-setosa
5.051259631438382,3.463203332729464,1.5036867866130785,0.21737908526808356,Iris-setosa
4.838072095907192,3.3443390549195375,1.5391690510195364,0.15108136111924841,Iris-setosa
5.122475826714341,3.1594832791524317,1.7058311274651288,0.22362987412065216,Iris-setosa
5.076808920294162,3.6965381967891027,1.8330948888925154,0.25071850325090655,Iris-setosa
4.447737730600506,3.2440846066528595,1.3750362844608643,0.2013045525105417,Iris-setosa
5.155297706140737,3.354851237369307,1.5373533528954157,0.1622308533823339,Iris-setosa
4.816544659102416,3.2186677806303554,1.3153533507778192,0.13241576971918334,Iris-setosa
4.7072380241068,3.710728359321568,1.3101202222336115,0.33161910324186955,Iris-setosa
5.147995370264267,3.5369672247389747,1.3283284439637573,0.23501549397044957,Iris-setosa
4.827308652128668,3.524401962929072,2.012016907653759,0.19519700501376752,Iris-setosa
5.344781997885702,3.3593647149748227,1.4930023019006076,0.2885400317817755,Iris-setosa
4.81190988266367,3.8624897115993857,1.641550387091095,0.17187666120528663,Iris-setosa
5.189722321716657,3.694510889925346,1.6243619924434394,0.12148876400547719,Iris-setosa
4.78185884725254,3.450496272889699,1.4851133141799908,0.2310336048775339,Iris-setosa
5.053310300279976,3.2329311282579796,1.5760395702011927,0.23052928726419117,Iris-setosa
5.167937134379312,3.7161561451109244,1.6667844309097808,0.22295900396142185,Iris-setosa
4.978950286562406,3.1678078132968017,1.5859236438265172,0.21038438435815557,Iris-setosa
5.081473651158612,3.244650284835938,1.2837886919183474,0.2526576426666452,Iris-setosa
4.9881334538430036,3.6363001394745247,1.5056636752260921,0.20148780697478727,Iris-setosa
5.2814851417928,3.3967910543565254,1.5192241553881967,0.1768862355647479,Iris-setosa
4.869651131770305,3.438165575306272,1.5444267543267425,0.17606256891682615,Iris-setosa
5.376726837672056,3.3210785395560993,1.4626256711677281,0.17801344708629127,Iris-setosa
5.43409336530612,3.539310955302315,1.706368907893727,0.1257219813481514,Iris-setosa
5.080115079760778,3.6779261591246875,1.516456797855085,0.2532740187532676,Iris-setosa
4.844813464969889,3.781869488037116,1.9597796247238501,0.18185807197801707,Iris-setosa
4.866349243579768,3.79067689542354,1.8159144291461424,0.17385699864233659,Iris-setosa
4.873943954871243,3.4436430782278986,1.2311098977931445,0.1540674026757901,Iris-setosa
4.69875776997438,3.346440486979174,1.4930630225226438,0.21171073662682605,Iris-setosa
5.4651501478442235,3.3003291918522417,1.6968644796953167,0.18930055778872457,Iris-setosa
4.9851608871042705,3.6349638984333206,1.2754555956875402,0.21912048730920253,Iris-setosa
5.049935662463917,3.59849025280163,1.5578337287815636,0.3227650069955447,Iris-setosa
4.808678004724605,3.3938006089996366,1.375371894715047,0.17222614404198727,Iris-setosa
4.8087838618080445,3.7378033062215104,1.784100849597971,0.1714626853125262,Iris-setosa
4.750293328068731,3.5942831112772806,1.3895553911438057,0.23164659088777556,Iris-setosa
5.06087690625539,3.1968511770005534,1.8095010402660123,0.2897938836547761,Iris-setosa
4.816163392854684,3.422459688012803,1.557173078144981,0.21672283949935126,Iris-setosa
5.197563281801849,3.90204090775327,1.46461055450119,0.1600851377730773,Iris-setosa
4.586204231595642,3.353813992011616,1.4933746054252406,0.28972789317588943,Iris-setosa
4.844716610289149,3.5447575903277797,1.4967154207854496,0.2594196636724042,Iris-setosa
5.7580797277620865,3.393826245415936,1.4021121114963555,0.25220804385345363,Iris-setosa
5.204567446887894,3.869341465147207,1.6167856370651927,0.18203539546064704,Iris-setosa
5.177196449207693,3.7217407161165816,1.6640964362394728,0.2253637015553649,Iris-setosa
5.320002406876746,3.7338591180891347,1.7764317982075055,0.23243549437948213,Iris-setosa
4.949864575904944,3.5293427372866644,1.7413017933016715,0.1591532164506382,Iris-setosa
5.11060199266187,3.4213322375345276,1.5057489645869635,0.2639225931303649,Iris-setosa
5.057329720405971,3.5092873096312296,1.2280287718040162,0.23731267830136105,Iris-setosa
5.193645254342322,3.932650944661092,1.4384443530093998,0.21095751638319696,Iris-setosa
5.074815105113227,3.815490655952695,1.4809408935226096,0.21395107628851698,Iris-setosa
5.1823689529149615,3.5373218246312716,1.4107132770898942,0.2097044996449154,Iris-setosa
5.322089524957931,3.294696940117788,1.526593934829375,0.16499395925304133,Iris-setosa
5.358513988677453,3.195362619043245,1.3882156305456823,0.21886059375322606,Iris-setosa
5.469657208770302,3.4868499477854025,1.3889600946613603,0.2940578534720295,Iris-setosa
4.565595829875127,3.0602388086759835,1.5880028900106664,0.17489728878236946,Iris-setosa
4.693630154860786,3.641671289459871,1.5487601427542397,0.1717960684631636,Iris-setosa
4.615908680398732,3.674491465656029,1.6300402355917323,0.19504120681103088,Iris-setosa
5.5539910988143,3.2859830467347697,1.1948949658150523,0.16540459650593778,Iris-setosa
4.986324195093351,3.5486678898645385,1.451752788428734,0.21760276982571486,Iris-setosa
4.6245381727428665,3.7887529208146518,1.4835697643214862,0.2558647915794064,Iris-setosa
5.102817603913311,3.591350643830757,1.6139534560464408,0.22238542800086575,Iris-setosa
5.192816827960264,3.7658305060264863,1.539304233940294,0.23545018787942562,Iris-setosa
4.973079291713832,3.7880234430898945,1.364721539588146,0.2900470216455408,Iris-setosa
4.987952614806697,3.2138449795763906,1.5256208829821578,0.16594741712625596,Iris-setosa
5.252193064696617,3.3694752041395217,1.410763313357044,0.10552296345272345,Iris-setosa
4.864308104225277,3.0152241346742086,1.1832194353028553,0.2380207328072149,Iris-setosa
5.235740047595249,3.585091512356993,1.3066047713741573,0.197614432192901,Iris-setosa
4.99891923827283,3.2683270621614913,1.80067966035343,0.2438681145287836,Iris-setosa
4.933710747851101,3.505377167798906,1.5416765615895105,0.09791325657878547,Iris-setosa
4.925846785243821,3.3636031504004404,1.2996759980210169,0.18594498535570225,Iris-setosa
5.5393059580548565,3.628168572253402,1.3857642020434406,0.22862913906780793,Iris-setosa
5.419806630975801,3.684926736582554,1.5119260739840348,0.1676531611147213,Iris-setosa
5.209466994084077,3.57869707708435,1.6790386440055465,0.2317585900840985,Iris-setosa
5.314865814595801,3.3929529576878865,1.763478813126865,0.20987998023461998,Iris-setosa
5.62257826178758,3.3621624363820866,1.8471927606330498,0.2098955391731324,Iris-setosa
4.804574598915665,3.403222833189136,1.435930538361136,0.22120829732009584,Iris-setosa
5.15685064641065,3.385259999212284,1.4951290815478033,0.3071135179305932,Iris-setosa
5.518262951030214,3.5872647339348065,1.50760069563364,0.20600156633591307,Iris-setosa
5.184055391819125,3.295441486960319,1.448524692515331,0.11657079630612054,Iris-setosa
5.119766936781584,3.629439187940548,1.4033627075401252,0.27869933816450165,Iris-setosa
4.632270301099298,3.207125023958036,1.5448903637119944,0.25235491513060776,Iris-setosa
5.505178307437361,3.408223147426212,1.7157361666862592,0.19807457652496466,Iris-setosa
4.948211810017754,3.6767319874973343,1.6304645756826839,0.12118039215078753,Iris-setosa
5.442962104917768,3.7760182708294905,1.374887459698094,0.21979017667187045,Iris-setosa
5.148209055884822,3.5521347531647813,1.3899389692309159,0.16641883160309742,Iris-setosa
4.992333778702567,3.734545803851873,1.6087200309188865,0.1814692833956947,Iris-setosa
5.231509613194503,2.930291475873985,1.7297531400744206,0.11301431106109502,Iris-setosa
4.89126771757906,3.2760660210747714,1.2410637048558188,0.258041339368926,Iris-setosa
4.859689639606432,3.569300776346143,1.4906158842241632,0.22385204136115608,Iris-setosa
5.023046567318077,3.243401555162286,1.699253363889428,0.1753121708419344,Iris-setosa
4.533025430402075,3.4143769678068177,1.8001519581268621,0.24251108710567465,Iris-setosa
4.895404359677642,3.4301484591363143,1.4356729897565235,0.3038373991780421,Iris-setosa
5.114580635669466,3.586008329438214,1.7060566908063683,0.21193945795132568,Iris-setosa
4.922287356253789,3.4607300301830044,1.4856797481171873,0.19813888817450792,Iris-setosa
5.218288863091094,3.5103891771614597,1.6465280154431159,0.1959641709945709,Iris-setosa
5.023590557094828,3.1003598630935785,1.6832655349404964,0.21732442379489963,Iris-setosa
5.299403032957896,2.920748924361262,1.9176749409561455,0.1930205185922413,Iris-setosa
5.332454845021255,3.292018814574894,1.6225547810125138,0.1473292218413172,Iris-setosa
4.812869311791259,3.882806270773357,1.4618635198473307,0.21087164365898614,Iris-setosa
5.261020319206626,3.599136377594521,1.5300837810287153,0.21824805012331128,Iris-setosa
5.721024675571482,3.488476240593283,1.5402198093429935,0.2525327198003806,Iris-setosa
5.331657779887395,3.737406061112076,1.627746044405837,0.14284975436347583,Iris-setosa
5.490029459690328,3.2707309213962623,1.5605270930478066,0.1622862074990321,Iris-setosa
4.980758496022102,3.565752482060696,1.5642714430900546,0.22109603771176425,Iris-setosa
5.484113380717594,3.590706860302796,1.4511686729418702,0.24820435841441787,Iris-setosa
5.356841146677392,3.2544784369726014,1.6194800139699717,0.23505863711554492,Iris-setosa
4.910730948992002,3.775141362662324,1.4699888825934946,0.2062788226735771,Iris-setosa
4.948078452714839,3.5031158095162933,1.2807449826209596,0.12799745587028527,Iris-setosa
5.478351518967491,3.3306077303363346,1.3017215301087386,0.09233049431981427,Iris-setosa
4.8083114756931495,3.2353820413185,1.828403032027274,0.2504908544671317,Iris-setosa
4.7935548964466825,3.9504871610688617,1.696353097398319,0.18375843082456889,Iris-setosa
4.250178285537928,3.9581885145181483,1.2220855066472809,0.11773006265215541,Iris-setosa
5.306771129602892,3.9879504812678546,1.7768545637021036,0.22819545600261798,Iris-setosa
5.178426302499585,3.6706831117560617,1.651785717957353,0.2140595711984688,Iris-setosa
5.031260331185563,3.4874813744200956,1.3492070822266649,0.1859662461566613,Iris-setosa
4.492112955741384,3.48033207464105,1.3022817785698164,0.14482053413921148,Iris-setosa
5.053968245346043,3.77840045726892,1.6836633212004626,0.12147496981884115,Iris-setosa
4.7031115590288985,3.6881542375976433,1.3035025212923381,0.1887683425001488,Iris-setosa
5.165015629707366,3.306331109027273,1.5210751012291919,0.13329872525408978,Iris-setosa
4.819589706814636,3.5639563868285076,1.1814012532936662,0.22202373689801996,Iris-setosa
4.994108660321996,3.6104979908834296,1.5447828268129322,0.26820702149869224,Iris-setosa
5.037567350794372,3.414118891774949,1.5244595006064567,0.22716490145181942,Iris-setosa
5.014658021097711,3.5081183382407763,1.3596016624386489,0.1668549541224526,Iris-setosa
4.579218418460092,3.849915348637388,1.251227352921743,0.16535474011020465,Iris-setosa
4.784477820329241,3.6789848753888883,1.4410100643415944,0.2623871036336867,Iris-setosa
4.797952812726839,3.5557988324447605,1.3329305893480485,0.3072574563886694,Iris-setosa
4.643720474291146,3.5619641420454053,1.6267553761864197,0.22068995487257492,Iris-setosa
4.944413702336687,3.4740358600533146,1.5087622943958219,0.1926498999185756,Iris-setosa
5.289163735038473,3.9421046003182703,1.3885016429984334,0.13150985102104612,Iris-setosa
4.973515385494624,4.015941867530864,1.3392650864060538,0.2819558402722034,Iris-setosa
5.5033102442229325,3.389282351658401,1.6137966158370551,0.28141983115642694,Iris-setosa
4.886261677703754,3.4592839279795276,1.3836638172102713,0.14926216346535667,Iris-setosa
4.805216736480197,3.255211946647549,1.5068166936518452,0.16150133844706793,Iris-setosa
5.070135773537224,3.1888208707592747,1.5661760464428913,0.24167644808044625,Iris-setosa
4.401879307228564,3.5748113139695143,1.7455337984946584,0.13951794906543974,Iris-setosa
5.501771716051311,3.5838038018732092,1.3589976288483183,0.19721154611711472,Iris-setosa
5.167498073756517,3.5152010782824825,1.6077511984892738,0.1539663203460317,Iris-setosa
5.050808247210823,3.217257100619004,1.47775478773026,0.15480461792676053,Iris-setosa
4.77934101722307,3.7472186350420875,1.7182620241188538,0.23045690604535887,Iris-setosa
4.672306170598226,3.4367183100610394,1.7426195399958366,0.20708584568199526,Iris-setosa
5.695798861994509,3.5786635678788743,1.5384098232980064,0.18454417678987495,Iris-setosa
5.040062271434684,3.469506032723891,1.641621735337718,0.24783511583972923,Iris-setosa
4.7642031618476155,3.2337534092884446,1.1327589253793406,0.2253995663456272,Iris-setosa
4.668990018147838,3.0694218814095033,1.577715720906193,0.3246499758716396,Iris-setosa
4.998178726538032,3.6676981548903282,1.516365871709513,0.19505551734044288,Iris-setosa
5.27572294489633,3.4419450911622698,1.5534784628143805,0.2160848903098007,Iris-setosa
4.799572863907086,3.6984084699073048,1.4650080486609183,0.16221274202535776,Iris-setosa
5.160952953071121,3.3203064036417924,1.5056362314738256,0.19954405016778984,Iris-setosa
5.325768669749474,3.5949396465759906,1.4949946082509713,0.24088831496001437,Iris-setosa
5.417062264705194,3.6115620612703725,1.502070523968676,0.13440818838249202,Iris-setosa
4.680465901077389,3.4389550591290665,1.3780975595681433,0.19065143485072772,Iris-setosa
5.016994977469132,3.605938550871346,1.4859002443881817,0.22432508219131012,Iris-setosa
5.019342324443036,3.1049066867292257,1.3121329212362491,0.19279562221391924,Iris-setosa
4.637091577147668,3.619985745999241,1.8061501664687394,0.26093809258486583,Iris-setosa
5.914622851627917,3.2472178410549852,4.544600237160633,1.2662914028881962,Iris-versicolor
5.754638934583624,2.7092590940535612,4.383546954437631,1.3170416222375487,Iris-versicolor
6.064229592419946,2.800913806046024,4.631081450923905,1.4190646274786343,Iris-versicolor
6.37982165417653,2.3545306094650287,3.7338236595294134,1.3934319911239275,Iris-versicolor
5.4532485206338315,2.732570379432195,4.148966092182192,1.119801956241998,Iris-versicolor
6.216585091281916,3.0277465480907937,4.327046879781984,1.040895770785509,Iris-versicolor
5.781502220699007,2.9175412016207636,4.0563265293677615,1.3183359919779156,Iris-versicolor
5.993876060330802,2.9737874498803265,4.535874110524246,1.2026931059118444,Iris-versicolor
6.478628600665797,2.7524411280919088,4.49180863814702,1.2066732040926804,Iris-versicolor
5.822687099523396,2.5345591857919296,4.448116182022973,1.4711708480142345,Iris-versicolor
5.451239542827458,2.3159315806369776,4.941351098248083,1.2790676322848133,Iris-versicolor
5.732370904536033,3.1119714062188226,4.318315338078941,1.4826009713546937,Iris-versicolor
6.2711703485357075,2.653626577556289,5.147192463979651,1.2394285076996663,Iris-versicolor
6.296838148803722,2.8897877741219475,4.890522386819639,1.4561511196726853,Iris-versicolor
6.012801659626307,2.5739746388961446,4.637991642881735,1.2322284630247895,Iris-versicolor
6.805354899010649,2.8409605993248213,4.390403534606367,1.3184680305864909,Iris-versicolor
5.461149484188121,2.5085157884468043,4.860124172383328,1.2343105721028604,Iris-versicolor
5.581235606927224,2.960995825758186,4.855711246398899,1.3718953310665067,Iris-versicolor
6.398419074322327,2.5729614734291615,4.073456799977447,1.4501333651955488,Iris-versicolor
5.870928064463146,2.7247500950634858,4.898458242554717,1.355623000940066,Iris-versicolor
6.182355108832643,3.449500703470325,4.306944530885957,1.3927840128081237,Iris-versicolor
6.022805249958834,2.8805776836589767,4.958540527923759,1.3507835756289623,Iris-versicolor
6.2153184316198535,3.1217522011929404,4.390514181137134,1.2160790332660993,Iris-versicolor
5.582076322391586,2.2100930231871994,5.116862138982096,1.1896791634278316,Iris-versicolor
5.911498550565692,2.7169560100333237,4.592222009342731,1.3815737212539296,Iris-versicolor
6.344189395343898,2.6250767684293184,4.449863485864077,1.32825799504883,Iris-versicolor
5.900523549526581,3.2822036728059976,4.647292485491476,1.3734877786049817,Iris-versicolor
6.265152507466965,3.152042157245597,4.554306467611112,1.1703168052044153,Iris-versicolor
6.159875180701056,2.604592931862451,4.341414995475073,1.3586364018755093,Iris-versicolor
6.495313228573455,2.8063814730208185,4.592649903779689,1.470221494463524,Iris-versicolor
6.0963012717954275,3.5805049342541184,4.669652893689463,1.1239237240844182,Iris-versicolor
6.301336648441813,2.9143475154648333,4.886925826224823,1.3673181351269958,Iris-versicolor
5.94461760640649,2.4327105291131903,4.437293022814193,1.21494795457907,Iris-versicolor
5.767790620078111,2.976573521326183,5.000971351305422,1.3394671529822981,Iris-versicolor
5.521646775185927,2.933380800466042,4.8589894459936955,1.2390217095680618,Iris-versicolor
5.946393133330833,2.804406458418759,4.264530506075328,1.364828043384386,Iris-versicolor
5.951620740556887,2.9258597331721083,4.23375234665937,1.256254169967659,Iris-versicolor
6.288952543131108,2.68815005437247,5.0180891553700215,1.2600363814385398,Iris-versicolor
6.089873890300755,3.0797772495619267,4.074490280120091,1.1239191188019224,Iris-versicolor
5.389737474171962,3.1787752310281543,4.334442556232266,1.5558199285668253,Iris-versicolor
5.774300960537045,2.855365390959111,4.962632985770362,1.5006092888159124,Iris-versicolor
6.8246014306545595,3.1625098691779425,4.807218757743438,1.3592526949201185,Iris-versicolor
6.311344430466655,2.63464428510144,4.254540334973308,1.2996625542589049,Iris-versicolor
5.931926150990028,2.6640315852018173,4.708916234237015,1.3955305208570512,Iris-versicolor
6.035362754516739,3.243259024316578,4.157493265759949,1.2806340540720282,Iris-versicolor
5.713271071758878,2.2400390148780818,4.47519579424719,1.2878252491616717,Iris-versicolor
6.605379897296853,2.9892435053664332,4.192743952701239,1.485409256633419,Iris-versicolor
6.488413478210141,2.9746293110405846,4.432054770345051,1.204056076327652,Iris-versicolor
5.851117289571579,3.1266245859112556,5.065375891780382,1.454324352827219,Iris-versicolor
5.80446023128549,2.4641147700132966,4.542265874073361,1.123156063443715,Iris-versicolor
6.129267085673913,2.755719224110399,4.360189049439527,1.1405296932733204,Iris-versicolor
6.205440042627886,2.6401897481014265,4.149024949286914,1.0127737786718352,Iris-versicolor
5.9889940379797455,3.331675479000923,4.998377764364361,1.254290374341373,Iris-versicolor
5.759115175855288,2.940632276822507,4.2004843682435125,1.3301791899819466,Iris-versicolor
6.306432111353876,3.168079967165292,4.4699537770560145,1.2796326249823036,Iris-versicolor
5.648806965297376,2.5519358937880416,4.432056332429542,1.3367365506816178,Iris-versicolor
6.3654338504933,2.5590463147958964,4.947806570687857,1.2728876398957432,Iris-versicolor
5.991453082260626,2.575836496255653,3.7727279219181176,1.388404539636105,Iris-versicolor
6.294737558836974,2.7156017328645357,4.520097215167461,1.35159392177041,Iris-versicolor
5.374981657245383,2.6412841967961116,4.738279403886548,1.174571057683075,Iris-versicolor
6.117423172866651,2.3930254586129784,4.639928994730058,1.2964358517702517,Iris-versicolor
5.353947273637797,3.149421806337151,4.279622526960585,1.218974756298562,Iris-versicolor
6.080227678892377,3.144591204828614,4.195253454306481,1.3061679849847971,Iris-versicolor
6.171526600132229,3.0079316821789432,4.552932466583168,1.2632972160916678,Iris-versicolor
5.668963911740512,2.825843164913912,4.178358296404318,1.0078649516505394,Iris-versicolor
6.174623921663067,3.0711804523258586,3.7911202693374486,1.1990269295290064,Iris-versicolor
6.247661704402079,3.4172486409135097,4.506238112302622,1.2271997058770867,Iris-versicolor
5.926841423558064,3.2124629257444552,4.306210746262639,1.2200807993349747,Iris-versicolor
5.806902591127187,2.514001417522386,4.536801094798439,1.4624678458469562,Iris-versicolor
6.129231709246412,2.7242939493621137,4.4124566193253365,1.1436809191303343,Iris-versicolor
6.353243910858864,2.776648840896159,4.445856025922812,1.6193107567844862,Iris-versicolor
6.119501163346275,2.5744626849714445,4.372092721138337,1.4148445709196755,Iris-versicolor
6.045308164215106,2.36851660650479,4.775768680372561,1.2331855914461007,Iris-versicolor
6.7493191104870185,3.124014419714394,4.365803431302375,1.4281016361735113,Iris-versicolor
6.0271422042109615,3.0558321025366655,4.645419845188343,1.2153643345009126,Iris-versicolor
5.742580067073015,3.108988245274348,4.399567400368038,1.2596351536758004,Iris-versicolor
5.617950968260259,2.927079719678038,5.118757475772943,1.1932467085745728,Iris-versicolor
6.009687782669103,3.2236661666246285,4.476107582626286,1.3452371796249734,Iris-versicolor
5.5750425887412485,2.9284921291622945,4.443856720498635,1.3985729995679863,Iris-versicolor
6.474954420625901,3.576869092605584,4.673889951964073,1.3325796316582168,Iris-versicolor
6.077753720630934,2.6940501121567935,4.601545153038507,1.2704598589860971,Iris-versicolor
6.067384390507845,3.195279260682388,4.198037230416108,1.4139878561129047,Iris-versicolor
6.526846026935946,2.764579441902676,3.8634435302974217,1.2392178012905568,Iris-versicolor
6.518797818624444,2.793139581310335,4.200209330311527,1.2495225078771783,Iris-versicolor
6.336248010601821,2.9640200704604136,4.428320370249092,1.2633175588185312,Iris-versicolor
5.843296740382471,2.523276944650449,4.984612706840832,1.2677679530788661,Iris-versicolor
6.486863408330199,3.2563948155767353,4.799493269444388,1.2568379687281952,Iris-versicolor
6.161492036134644,2.792741318082725,4.228889441780962,1.3324359281721603,Iris-versicolor
5.528384083536079,3.156303816538469,4.360614810810482,1.320115965587284,Iris-versicolor
6.113315148618457,2.7223285078887764,4.676008140442582,1.2525096343377475,Iris-versicolor
6.348518918982897,2.3962060959259754,4.537913873863924,1.4938928999058285,Iris-versicolor
5.59986747015777,2.5966765088425445,4.654172354897675,1.3179581781939598,Iris-versicolor
6.140252039709424,2.946756139044299,4.690416440568531,1.4109699841956225,Iris-versicolor
6.163927462771405,2.727622703614437,4.701772110360819,1.4899881934895216,Iris-versicolor
5.946946501446971,2.5076412085988076,4.832124200786092,1.2879618836046403,Iris-versicolor
5.130932181594385,3.0542265031451263,4.339401544213823,1.2909466717695839,Iris-versicolor
6.132792132227606,2.8571499039337196,4.712835545141711,1.2564513629430156,Iris-versicolor
6.205242319270433,2.7221359967248246,4.721643144266251,1.3615367484013055,Iris-versicolor
5.625824519182162,3.1257946348525096,4.339210966465785,1.3808057798281146,Iris-versicolor
6.146914925360536,3.3514551030385364,4.4329602052884445,1.2650683203881803,Iris-versicolor
5.992232157644907,2.709046065149717,4.739982570582615,1.1383689391563412,Iris-versicolor
5.578527032341459,2.479659123526242,4.785092277592073,1.4710613372581927,Iris-versicolor
5.958220312585011,2.7493534830429964,4.521015648933955,1.416187830260819,Iris-versicolor
5.6290587463237705,2.871510694820435,4.792559288934729,1.3501094169939845,Iris-versicolor
6.075832646639498,3.100313827770142,3.689030312100229,1.3677875319530908,Iris-versicolor
5.73836972674903,2.250810130943063,4.653360779857494,1.4373658545162957,Iris-versicolor
5.945020594148923,3.0858623641608816,4.9836834773965935,1.4314914453584047,Iris-versicolor
6.6559858117485575,3.0226382473215674,4.522630091670478,1.1398034188102832,Iris-versicolor
5.901575004748021,2.5470260214051423,5.151282815249344,1.2824114187567663,Iris-versicolor
6.049281922713794,2.96544561281214,4.513080733911736,1.4695051040430753,Iris-versicolor
5.750940255306219,2.8583822365711726,4.277258824290586,1.1679977488779294,Iris-versicolor
5.755292363637886,2.788888960885476,4.371209332644822,1.2307579020126145,Iris-versicolor
5.437473014531267,2.7750683282113915,4.048583887790699,1.3760055963689604,Iris-versicolor
6.032975901173801,2.362734550160521,4.407237276885041,1.2247843594409418,Iris-versicolor
6.127669804167672,3.202135133806943,3.9374482591062767,1.3115026079147418,Iris-versicolor
5.935946881773344,3.0014020229351397,4.563958988471307,1.224803066826118,Iris-versicolor
5.872378425733353,2.561192242958953,4.822802141579579,1.3021311648671943,Iris-versicolor
6.760476274301203,2.7818017558556134,4.2874779699268615,1.1486285607387172,Iris-versicolor
5.278744129497622,2.324759217098353,4.580137995303445,1.3508725023229935,Iris-versicolor
5.3675237191871465,3.068511494222834,4.3550816844949685,1.314679301198555,Iris-versicolor
6.64488825130217,3.0690517947596594,4.41944080562825,1.2108807774584713,Iris-versicolor
5.139273839468278,2.5842540042272737,4.436660928351691,1.2012820472848817,Iris-versicolor
5.9474972131630786,2.82305556488763,4.432543205457576,1.2349997419176542,Iris-versicolor
6.067461868786691,2.9325821948708226,4.172880276767146,1.441093237974627,Iris-versicolor
5.960564747086296,2.8056548868834543,4.712464326976967,1.32332161312635,Iris-versicolor
6.381254653565298,2.886137249560547,4.316268787607869,1.3361503525206102,Iris-versicolor
5.542509517071736,2.8325679117329567,4.490031002806662,1.279188314272746,Iris-versicolor
5.948584995424428,2.235445286350708,4.335382527677711,1.3092844901141114,Iris-versicolor
6.06394255679896,2.4916974577222124,4.879712352259411,1.21338251517855,Iris-versicolor
6.387782880210695,2.928158308561505,4.306131807046859,1.4775310892609512,Iris-versicolor
5.522545267297408,3.0757462520830003,4.800174695412894,1.2329379790923356,Iris-versicolor
6.556986120025732,2.724986045620314,4.586608088783957,1.326032183877122,Iris-versicolor
5.946276503411781,3.0432424819479342,4.738046616165664,1.125146802676182,Iris-versicolor
6.521736097151261,2.3012524035892974,4.809763861302497,1.4126705136827584,Iris-versicolor
5.56361342791392,2.676755713613624,4.168288599454219,1.2785078969711265,Iris-versicolor
5.876786286325704,3.0338981596808017,4.893092623835883,1.4395683810789957,Iris-versicolor
5.775132789368679,2.7372334378766414,3.994968542333715,1.2194129933503812,Iris-versicolor
6.385940653238983,3.284674847064469,4.129695338436023,1.2407535740847107,Iris-versicolor
5.989437697216429,2.884048347645882,4.257118944023506,1.342406104446409,Iris-versicolor
5.810464261171633,2.795664318736516,4.6638852744011094,1.3006422269810938,Iris-versicolor
5.825445643789372,2.7671170588222505,4.473491112238399,1.2629988970117874,Iris-versicolor
5.896481574933159,3.279594151151415,4.668275834382372,1.270451968197084,Iris-versicolor
6.278781761804295,2.699854153073197,4.851937391275992,1.3369642192198095,Iris-versicolor
5.9570791423983085,2.934315077743083,4.02873715437945,1.1873232531090194,Iris-versicolor
5.522429997440378,2.8428829284291117,5.0197544998455275,1.5231300146192632,Iris-versicolor
6.255220440576303,2.950253342483337,3.959682679754178,1.245732620026598,Iris-versicolor
5.684886499236704,2.613745720524665,4.449556854424563,1.2527909422302872,Iris-versicolor
5.208280075849685,3.02437307683526,4.178177092278058,1.323924686411115,Iris-versicolor
6.829633067899989,2.5241846225240727,3.740913743176101,1.2713995778119889,Iris-versicolor
6.440383853999428,3.387504236266178,4.131135121664275,1.3496699223236521,Iris-versicolor
5.813875817287979,2.7682154937087593,5.293303004105111,1.1497029671604846,Iris-versicolor
6.10149586459783,2.94030795152963,4.825735897481804,1.3097983153470896,Iris-versicolor
6.123220215801641,2.6825054297734625,4.580738082373532,1.265680772450259,Iris-versicolor
6.248628755942421,2.6891168991869097,4.613130118170656,1.2970737186315022,Iris-versicolor
6.450420100308867,2.784581882923454,3.9680902595379357,1.4261921500713992,Iris-versicolor
5.637707079654953,2.6038700984053538,4.321301611786953,1.4374438093170818,Iris-versicolor
5.145730314408522,3.741324560097998,4.816817042719816,1.322323891412916,Iris-versicolor
5.978042399753486,2.885666222457297,4.656336728513802,1.3645215585950057,Iris-versicolor
6.222241786401379,2.8268742043765744,4.440798473907802,1.2848726716346488,Iris-versicolor
5.9220366878589275,3.140131029060119,4.678067016684259,1.005961136533572,Iris-versicolor
6.262360310611904,2.858420858415632,4.494387373066231,1.2611481546911114,Iris-versicolor
6.449645087994405,3.084257938636857,4.268136699652917,1.3407052287124535,Iris-versicolor
5.6113373061834855,2.386114550563321,4.31198483262301,1.386239347238276,Iris-versicolor
6.381250018150435,2.9539256260291875,4.717528736054399,1.351617828711496,Iris-versicolor
5.743407361910819,2.929576763402182,4.740122857568305,1.3754291329813575,Iris-versicolor
6.475565348589857,3.012491154160319,4.605434462262475,1.4070150238316428,Iris-versicolor
5.989391496300376,2.5354376046316847,4.451079910816871,1.2255097355193552,Iris-versicolor
5.729928690010247,2.7566443987853444,4.262274023700011,1.269203847036096,Iris-versicolor
5.242554133218485,2.8639881122118815,4.5003616426086674,1.218291136893181,Iris-versicolor
6.263698267372962,3.0812710412879674,4.017732040689308,1.2237275221433785,Iris-versicolor
5.692343060085081,2.5180290696673406,4.748842452579525,1.2806173861227197,Iris-versicolor
5.894194063475756,2.198841290677974,4.6906254090627675,1.1760741605146527,Iris-versicolor
6.023973052106531,2.8832130813874572,4.9081975787515955,1.1691179600880888,Iris-versicolor
4.79219513767167,2.855154863426108,5.040153354453256,1.4238946352939439,Iris-versicolor
6.08386376610985,2.6525091443103856,4.742136778991193,1.2026453800295531,Iris-versicolor
6.190543107742488,2.951641047749988,4.818062972249664,1.5759660038911079,Iris-versicolor
6.156966386871507,2.6473109122877503,4.492327706342402,1.1230924095110881,Iris-versicolor
5.722114747564377,2.677215268566069,4.3427734806196225,1.3152354872033722,Iris-versicolor
5.6710320270471195,3.136309200197341,4.5000621194754595,1.2990699678861386,Iris-versicolor
5.868842113394833,2.8465572051576937,4.74752947940029,1.21328697842891,Iris-versicolor
5.736753404369898,2.7088821913670005,4.096238722958035,1.2180742140278502,Iris-versicolor
5.809511650582136,3.062316754213818,4.578768398700578,1.3193589911367545,Iris-versicolor
6.3403591848671885,2.758788463480181,4.617139454978667,1.2896778247067504,Iris-versicolor
6.106144939759852,2.625172402716525,3.768354852517071,1.2865720837813697,Iris-versicolor
6.569099254439976,3.0778646206724773,4.789619245377351,1.423613072180622,Iris-versicolor
6.035463036384575,2.8591947122216785,4.3147044313696945,1.268392714397295,Iris-versicolor
6.246308459908457,3.1611653311506447,4.458166117295701,1.254981073514859,Iris-versicolor
6.000211183542639,2.980362024678734,4.066843555159937,1.0703819046862761,Iris-versicolor
5.779785260203367,2.433786272225752,4.347557940705807,1.2852219681182528,Iris-versicolor
5.818700636390795,3.2357402603412235,4.598023429380696,1.3300474359610828,Iris-versicolor
6.248882857617361,2.458350064665769,4.811733536226081,1.292423571346454,Iris-versicolor
6.268192246896485,2.4784428300879533,4.033872370195181,1.3817889658025029,Iris-versicolor
6.150563810439007,2.5293845336927467,4.239101075617592,1.412543478441477,Iris-versicolor
5.524235242853069,3.2928018859767887,4.22981377960564,1.3638391925608384,Iris-versicolor
5.868552609700406,2.9809562293247027,4.336765799365742,1.2837207093927707,Iris-versicolor
6.016367670158289,2.499343763265558,4.7222473036260375,1.2486786433528416,Iris-versicolor
5.908560033863993,2.5016951876174462,3.731299902361407,1.2808972237399832,Iris-versicolor
6.965046168645166,3.035381286369407,4.494221886079681,1.2737109170791734,Iris-versicolor
6.008986357124819,2.964135734552563,4.145756155407346,1.4114321694668872,Iris-versicolor
6.2861525261764974,3.01545571771238,4.631542721642918,1.301961665769399,Iris-versicolor
6.269144494386728,2.977544240122413,4.393787786717692,1.24263982271031,Iris-versicolor
6.0407425181047945,3.264706045448556,4.12826787730383,1.153247473424756,Iris-versicolor
6.065904336494607,2.8152663105568054,4.552002499311122,1.32439531979085,Iris-versicolor
5.910719098146078,3.2469590315806243,4.019728806457046,1.2171502975219755,Iris-versicolor
5.958698095940381,2.30704335665375,4.447243678670379,1.4661470165728019,Iris-versicolor
6.008354595318385,2.869210271715605,4.1219505704482255,1.2383638591960522,Iris-versicolor
5.849921447870425,2.7046854709731294,4.8844931385011305,1.3557691060725126,Iris-versicolor
5.555416817225187,2.8739514335296015,4.649466524549036,1.4140149038521268,Iris-versicolor
6.63221627462735,2.495471742451639,4.256742746636899,1.1742422141085385,Iris-versicolor
5.906392056357207,2.9399075123339,4.7962003549767305,1.2924048976357478,Iris-versicolor
5.8720609906980625,2.845527397674622,4.2494571295109935,1.5089538721694775,Iris-versicolor
5.356935589152776,2.855422173668717,5.107081865768892,1.3006799844559997,Iris-versicolor
5.923984385999402,2.692766373156872,4.4458824954712775,1.437284847467653,Iris-versicolor
5.115255235468197,3.2600301103888976,4.072812854264956,1.2733347670765585,Iris-versicolor
5.828302231880535,2.9765659809312157,4.020562694434876,1.3462172666081944,Iris-versicolor
6.809723849314741,2.3910477986221568,4.556911850283119,1.233801782220339,Iris-versicolor
6.1703548824772145,2.8057443332247254,4.307553927286707,1.3487872284871074,Iris-versicolor
6.721739243914698,2.74272886248181,4.7159273826444545,1.1706727042128837,Iris-versicolor
5.617425449272797,2.941721883364113,4.945234808560789,1.335561334878566,Iris-versicolor
5.874776787790738,2.799787421627006,4.124877679809085,1.3604515326355366,Iris-versicolor
6.352933224929363,2.6643729001500756,4.3589873556721495,1.3265878229652048,Iris-versicolor
5.825312105583762,2.780160215612253,5.129916536749954,1.2752974299254003,Iris-versicolor
5.856663939191511,2.605737458309452,4.723257591449981,1.2818775826781899,Iris-versicolor
5.74025078467143,3.1963912096819036,4.925880901354091,1.2399576434261295,Iris-versicolor
5.253384019455753,3.1022541069510763,4.294611052271999,1.379062559916277,Iris-versicolor
5.211958472915265,3.0677792014897927,4.1366484212157655,1.3730764119066525,Iris-versicolor
6.005709227134574,2.513818174181006,4.377889106121966,1.36863184569567,Iris-versicolor
6.042357781246094,2.975323894141745,5.092932175354646,1.143575838828895,Iris-versicolor
6.64688502998745,2.8313067812569637,4.2303647855030615,1.166968637426101,Iris-versicolor
5.924351843689187,3.076495033577338,4.46173526388674,1.4511154930247347,Iris-versicolor
5.419529723979377,2.7963733156461834,4.124281966676064,1.336363188262497,Iris-versicolor
6.35475495603892,2.673771461895684,3.71873584301186,1.3198948146796494,Iris-versicolor
6.1746954206934035,2.921288426488509,4.870734657546646,1.1928946320350953,Iris-versicolor
6.272086442180179,3.1577522537433924,3.966423724798045,1.3319651825918977,Iris-versicolor
5.798328067596931,2.775543198069506,4.604302945061501,1.2512771435886447,Iris-versicolor
5.729716768335355,2.810245725246407,4.173826218341159,1.1914174871114815,Iris-versicolor
6.271749313182601,2.455361789452403,4.699893750272763,1.3462591292853952,Iris-versicolor
5.309677308483761,2.5967306042993035,4.858232820914211,1.2018834468860318,Iris-versicolor
5.814238295076245,2.938618267975569,4.735017152784779,1.2748461113955505,Iris-versicolor
5.760995922123343,3.226710958509552,5.021669899139273,1.3978858050781795,Iris-versicolor
6.03412725702601,2.557520283507722,4.250866678033031,1.3522514105265757,Iris-versicolor
6.167359288355473,3.220479577883929,4.695135027760842,1.1496919698240182,Iris-versicolor
6.420779047089168,2.500581811805676,4.3848086184142945,1.3250200206251694,Iris-versicolor
6.798266995913586,3.732975566801608,4.682016917740855,1.2816803381279613,Iris-versicolor
6.21380225939222,3.0662966277621506,4.403799712332843,1.4795211355912323,Iris-versicolor
6.092028303676561,2.949322926727418,4.699777275616339,1.3421586610614455,Iris-versicolor
6.335576200187845,2.614824044035923,4.332509473816191,1.1899845767028305,Iris-versicolor
6.175800492248091,3.033680951053634,4.637331859845566,1.467449243334754,Iris-versicolor
5.997761592468382,3.0006224966777535,4.172489737158205,1.26129002975256,Iris-versicolor
6.278215103026311,3.054730633222943,4.411809915700745,1.2928400748141933,Iris-versicolor
5.392850501327676,2.692891239758017,4.7671149490559355,1.3575205016106566,Iris-versicolor
6.200266288552484,2.814932106154288,4.502118947588453,1.2339678860526553,Iris-versicolor
6.279531368081014,2.9262918833168166,4.6476056543978395,1.247396515733242,Iris-versicolor
5.138662832051502,3.1291458135261085,4.356348763197479,1.213722423595688,Iris-versicolor
6.277391564765598,2.682396208024261,4.817980915213987,1.3617005949576697,Iris-versicolor
6.273427729280191,2.3902132866398396,4.86358319561592,1.3261250531233857,Iris-versicolor
5.852289144301519,2.843016540202675,3.967129430130504,1.340865281148067,Iris-versicolor
5.588251396727172,2.3941989142469393,4.043292244134633,1.4112688374989926,Iris-versicolor
5.748294642522884,3.2601183129749494,4.339259561084311,1.1292642042407053,Iris-versicolor
5.553390224020537,3.1707434860020816,4.453230546618999,1.2451712703509399,Iris-versicolor
6.064007290341115,2.9505348208502635,4.8352196447707385,1.4448499229892926,Iris-versicolor
5.856092541684366,2.4021856941753885,4.375960451663017,1.3260280506582887,Iris-versicolor
5.614496429515755,2.512854725531487,4.603136364464966,1.295134764842955,Iris-versicolor
6.013118798164634,2.572451399589979,4.43087978573827,1.2075766855731696,Iris-versicolor
6.356079364449915,3.1105748004171256,3.9461436413285718,1.207048913980759,Iris-versicolor
5.401388297963968,2.60499281967793,4.474968609062892,1.155035478030147,Iris-versicolor
5.631256074749874,2.49881278837555,4.562180198819683,1.306934433703625,Iris-versicolor
5.7113049786650985,2.8530462616418193,4.33599597462382,1.2728344889673948,Iris-versicolor
6.669380836119415,3.202138315537104,4.110125628921721,1.3829732417879175,Iris-versicolor
6.324558621796637,2.4555210133742142,4.745633293126458,1.4537931918412554,Iris-versicolor
5.550982077502234,2.524749153695721,4.8052984400530505,1.327149531082565,Iris-versicolor
6.22059051009581,2.902176764920149,4.617208776278443,1.1673527871688918,Iris-versicolor
6.41892708264858,3.1508769977283317,4.4311827767795915,1.2956523050186137,Iris-versicolor
5.387556998977711,2.9542764268053503,4.671617232514243,1.293780898300069,Iris-versicolor
6.449741343948201,2.6997768307060177,4.66938177776808,1.1980335661307886,Iris-versicolor
5.990579139650305,2.747693722629149,4.567592376612282,1.2630473071166641,Iris-versicolor
5.947410961731332,3.0478141514324517,4.368970728828534,1.139342289926132,Iris-versicolor
6.699833561682168,3.2144362236071458,4.112321191468315,1.3689707805245195,Iris-versicolor
5.798810091779463,2.8790461645993175,4.588267238704048,1.2765592199683677,Iris-versicolor
5.686493733765442,2.592837684305122,4.225142425355627,1.2168177791769557,Iris-versicolor
5.973128683980258,2.585272003266774,4.704615619713786,1.4487246155335929,Iris-versicolor
5.767978703451983,2.871821350160613,4.64990553309088,1.3472002270919274,Iris-versicolor
6.030382107166435,3.0228047255079167,4.644674685804197,1.1762337577672703,Iris-versicolor
6.3476624257557095,3.0661872511800223,4.271014168746426,1.3037937835447602,Iris-versicolor
6.273331597124428,2.7372058541261914,4.821893414329804,1.5363872494619362,Iris-versicolor
5.685605586946007,2.3856866190538675,4.591145578681463,1.3721562505126144,Iris-versicolor
5.907653450462092,3.2359781989963103,4.098418260083025,1.3692918623031611,Iris-versicolor
5.757655671696442,3.315813371862189,5.097754605950436,1.2233343412216653,Iris-versicolor
5.780177145636568,3.0578763660939403,4.383860805063145,1.2954588782067762,Iris-versicolor
6.010155368216964,2.224098053140703,4.495848676171729,1.2310272225935828,Iris-versicolor
5.802750871040091,3.233089601040644,4.123047931716223,1.3813205186747979,Iris-versicolor
5.888414827867277,2.7160719494512495,4.737111568815513,1.334005129456889,Iris-versicolor
6.228245198887812,3.0904553981598584,4.400607485045003,1.238776326549225,Iris-versicolor
5.5659397893768805,2.5523768410063132,5.384728327592618,1.4244679580736788,Iris-versicolor
5.459570253516792,2.4032626129769286,4.644559818515548,1.3547264797377967,Iris-versicolor
6.219553534126946,2.7235132619338907,4.46236372199913,1.3327879524159358,Iris-versicolor
6.034357202517332,2.1342098881757394,4.431060110827442,1.2148593565739687,Iris-versicolor
6.070084567563405,3.6955777007810227,4.610244499642291,1.2686470313827602,Iris-versicolor
6.368720600790901,2.9448063661627635,4.626028347135552,1.3606850593215671,Iris-versicolor
6.822617425931817,2.460733469402225,4.642089623043437,1.207361887001846,Iris-versicolor
6.2222050585368995,2.5243940465541717,4.374789955918475,1.2704910085762093,Iris-versicolor
6.3903266877378835,3.075536333182724,4.126284787066084,1.305493411099985,Iris-versicolor
5.716168058100331,2.4224485267973996,4.434894884872689,1.269151721154418,Iris-versicolor
6.9706865945382095,2.9298879476082087,4.086714749773729,1.2435225995829058,Iris-versicolor
6.4085533181717595,3.4265328318609773,4.0242050063286126,1.1120075614860956,Iris-versicolor
6.748386070148713,2.916884253211271,4.23951218043709,1.3534629086122436,Iris-versicolor
4.945700904393249,2.801012651979148,4.598346351852926,1.392427013953783,Iris-versicolor
5.594441619082985,2.8257061484210073,4.222372612182124,1.3255383755674317,Iris-versicolor
5.64186147105479,2.677569748251934,4.201255381562931,1.3651136241823658,Iris-versicolor
6.343380446662666,2.729613829012776,4.511471398488008,1.1551408585366456,Iris-versicolor
5.880129340797285,2.7849386148874764,5.286237927308992,1.1888032974225837,Iris-versicolor
6.585670895500975,3.099057632039742,4.584190921347041,1.4758620484195135,Iris-versicolor
6.148842189042745,2.9167477587003785,4.4840638040947365,1.422356888241863,Iris-versicolor
6.438587693524354,2.612296813751136,4.104225841620369,1.2797019362604343,Iris-versicolor
5.679984574240941,2.7809426276153935,4.871231440405242,1.254269834491321,Iris-versicolor
5.98287064747537,2.8174068204425184,4.754529264661586,1.0753110666015395,Iris-versicolor
5.757319882093881,2.8633851076838415,4.860023686928058,1.2508097552493795,Iris-versicolor
5.24937891758325,2.9859134337898405,4.309391283352311,1.181033334090964,Iris-versicolor
5.750261844114711,2.744642392703245,4.318576600638536,1.0794433942900932,Iris-versicolor
6.358826478754853,3.1824625123836165,4.695456597401852,1.1862314329575183,Iris-versicolor
5.919403386420993,2.7980436054311624,4.679638316868573,1.366834048871808,Iris-versicolor
5.706330480488601,2.824598666924068,4.637184121384572,1.4455822322146767,Iris-versicolor
6.281802615929889,3.0367170062126556,4.525147988378809,1.4410459145203505,Iris-versicolor
6.1639051183837985,2.5416736269479285,4.921010991037557,1.3697903272539027,Iris-versicolor
5.822782391548607,2.6561521097802268,4.588972663542228,1.3463184795267584,Iris-versicolor
6.078916906252482,2.8933926020328653,5.0099872123729146,1.4071543152234887,Iris-versicolor
6.07625423650601,3.0823931742302446,4.190242828941738,1.339792704994681,Iris-versicolor
6.723722539893244,2.7345862313822877,4.245709821414275,1.234791111140694,Iris-versicolor
5.564146785063045,2.5645714275616887,4.388847570422992,1.1594432980821359,Iris-versicolor
6.006247333579841,3.070683152135994,4.227673145955924,1.4519283923641768,Iris-versicolor
6.204316835411038,3.109174175687217,4.302649633844359,1.3854525227066616,Iris-versicolor
5.563226439841875,3.0670742502509523,4.551551801938059,1.3553251219984783,Iris-versicolor
5.529762157750059,2.5314790473170183,4.679168465476016,1.20516519957758,Iris-versicolor
6.985282516839649,2.5898586580619263,6.0544522638,2.0767476685231494,Iris-virginica
7.020919975071809,3.1876892800938004,5.590968454471128,2.2582026567084728,Iris-virginica
6.904176905333422,2.8383474431421787,5.497433594777138,2.003737430832742,Iris-virginica
6.939860018919878,2.5305591685913833,5.828603259832392,2.1736551783917752,Iris-virginica
7.071657110175278,2.909386350153041,5.701165664095872,2.27318707042883,Iris-virginica
6.934023211633646,3.0948467871548333,5.940780276942558,2.0464427876792897,Iris-virginica
7.1027154719947925,3.1837406382040805,5.49499506142705,2.17559195263258,Iris-virginica
6.784277084948948,2.95965096467948,5.90015798997056,2.3431366781831184,Iris-virginica
7.232706691069131,2.606334241970578,5.986620997091815,2.332893331953541,Iris-virginica
6.954723408275681,3.32729412755579,6.403681133710229,2.3023709546106983,Iris-virginica
6.899723438256691,3.313526542225426,5.843466349929067,2.2023903043284956,Iris-virginica
6.659434305714507,3.4690240076496326,5.554471400217399,2.353236772467812,Iris-virginica
6.999945649496149,2.5802081475594174,5.910294787897426,1.9899973492348377,Iris-virginica
7.050203206732414,3.2655694448966974,5.622293213304384,2.2123547695955583,Iris-virginica
7.581662973500114,2.848275988721419,5.48232772388302,2.34816634024626,Iris-virginica
7.585034876212318,3.001108701554354,6.103438910622507,2.3341475915530885,Iris-virginica
6.503006306984647,2.8544082493896394,6.16926235394642,2.368501427870851,Iris-virginica
7.025152344069742,2.7360556939493836,6.396118333509833,2.1469029102188038,Iris-virginica
6.665944887531419,3.1027013503468863,6.266248126214432,2.2853975976552228,Iris-virginica
6.965946200144764,3.138986559035432,5.81305440059304,2.255813951451851,Iris-virginica
5.788175968922278,2.9110177622790605,5.872396580475034,2.0848985916380496,Iris-virginica
6.954529327124624,2.9386586337041636,6.326642709494647,2.3573019725214857,Iris-virginica
6.613677772352735,2.9547486865299915,5.777815730317482,2.1548340523840377,Iris-virginica
6.878009993611251,2.772515379333723,5.460815399518742,2.262271122390027,Iris-virginica
7.051811833688724,2.7587052721020022,6.06860662922878,2.136842227083467,Iris-virginica
6.901266095215192,3.2461032037837367,5.789916230588886,2.245474091214114,Iris-virginica
6.593428142444971,2.941060024971571,5.738242170735898,2.1253421653459763,Iris-virginica
6.729290334753687,2.535414510340876,5.652653875857369,2.171512450663033,Iris-virginica
6.697528099001848,2.9275507662387663,5.781470740041961,2.2479441518086065,Iris-virginica
7.149806829653009,2.80507043194552,5.4390397433832565,2.09579555877569,Iris-virginica
6.605118831522029,2.894423604655047,5.569001180140763,2.0703883335750106,Iris-virginica
6.617551669010324,3.0544279860341916,5.97850883975067,2.144257694689168,Iris-virginica
6.634800871142626,2.7219905073458066,5.790568248887567,2.1151571365809185,Iris-virginica
7.02925112529648,2.4642400524197665,5.692111098264261,2.2301107339191746,Iris-virginica
6.873533806529002,3.807910099194149,5.904940007370372,2.099594540315799,Iris-virginica
6.761814301164371,2.4671260999600646,5.775820075210971,2.116694394299924,Iris-virginica
7.1661561102240645,2.8351379176213394,5.764970225261425,2.13644421585956,Iris-virginica
7.495540540741333,2.9036271701646266,6.34976711304376,2.281415176211827,Iris-virginica
6.992826690934154,3.110619944195256,5.918139189464875,2.007232742065439,Iris-virginica
6.688446642339697,3.2535473913552964,5.785330844957768,2.059481015319643,Iris-virginica
6.779038219769012,3.5112316548766476,6.174067514660416,2.193799599063397,Iris-virginica
7.180579710823235,2.8900478938895846,5.288838523951984,2.1075534011870447,Iris-virginica
7.425155507403279,2.917802075451209,5.726984806187494,2.170016180372512,Iris-virginica
7.5616546358292025,3.4877876746086187,6.46563407003444,2.184095478959995,Iris-virginica
6.918249795498838,2.5450072351737627,6.243080327835482,2.0832220448732066,Iris-virginica
6.886710225505052,2.6708092417101468,5.623339951978391,2.1162737568950303,Iris-virginica
6.556849895729672,2.8382631890553065,5.635519361522476,2.2833333911780307,Iris-virginica
6.358054882774992,3.06616242810416,6.1653877456916675,2.1486803635486607,Iris-virginica
6.512832443700959,2.930842612445925,6.153917562508213,2.219410763095336,Iris-virginica
6.5875142821569606,3.145162995356412,5.469312355049073,2.268135951044295,Iris-virginica
6.963442923080707,2.907657458658335,5.548424260465831,2.1113319077716546,Iris-virginica
7.013926934538364,3.3686941507467187,5.608807675891361,2.2458386703551487,Iris-virginica
5.965189192559173,2.8246146808028403,5.790682320138729,2.109031658301817,Iris-virginica
6.425397450084161,2.799666133059334,5.887657818497912,2.181267098159363,Iris-virginica
5.904707506670011,2.36378995420948,5.617940446642847,2.2457686586053556,Iris-virginica
5.700998062909906,2.850080947154511,5.642125643044773,2.338833777820845,Iris-virginica
6.645991275314854,3.1148966954222788,5.842377142026239,1.98694335201928,Iris-virginica
7.107282886652695,3.0646189516368865,5.952480591902376,2.592623770643633,Iris-virginica
5.966354824200565,3.5174089949283323,5.713765744179893,2.228732890440301,Iris-virginica
6.781795101879503,2.872729099980587,5.629050121528373,2.232950873557301,Iris-virginica
6.193130521331328,3.2251737502565296,5.675141678534423,2.0869930660959644,Iris-virginica
6.619994856801674,3.377144765058772,5.639399473895133,2.2358453618209624,Iris-virginica
6.507617489713811,3.227376554977086,6.005652321637061,2.384860883329641,Iris-virginica
6.729774421800314,3.200596441427372,5.829420261861683,2.329587178186302,Iris-virginica
6.512467044956508,3.223501593863184,5.741590811164995,2.1935811822891504,Iris-virginica
6.836700993779349,3.0756721189280034,5.765131287063412,2.221471318317053,Iris-virginica
7.431247223024874,3.2956349056845653,6.060746377749068,2.154446047397613,Iris-virginica
6.44430366870867,3.286590167471326,6.062814037758938,2.3472670675750984,Iris-virginica
6.558407749612308,2.9311354033918957,5.30815475124237,2.1607528893939127,Iris-virginica
7.198628204231778,2.8600513862315404,5.992143938560247,2.180949689400219,Iris-virginica
6.929622811288624,2.6556925830552998,5.82556283489017,1.900886402909928,Iris-virginica
6.725241536735206,2.510858026885458,6.161798354964045,2.2777407352764514,Iris-virginica
6.986668392786433,3.456301868147814,5.515325043752549,2.374736319791556,Iris-virginica
7.172876625704154,2.929033413834316,6.140686044154883,2.0893706487588366,Iris-virginica
6.47019433538893,2.81742308302809,5.641306687580795,2.094344235723975,Iris-virginica
7.28923322683813,2.9223436798890505,5.905751490507064,2.1429648633586322,Iris-virginica
6.071758679780593,3.0810172075174265,5.226323507374067,2.1931365953914534,Iris-virginica
6.252673984466876,3.5961827997692426,6.0734088166524165,2.2105753791271483,Iris-virginica
7.305482671061867,2.746105206760279,5.963043813601027,2.2199810433718716,Iris-virginica
6.9056080325334674,3.3817060500320304,6.01974763083394,2.2288723662825025,Iris-virginica
6.138045025508681,2.7119861114161607,5.763187319921283,2.209337237427665,Iris-virginica
6.34791851013043,3.7235030026735263,6.254918216576072,2.2602118320392486,Iris-virginica
6.8288147445134975,2.9363373090296543,5.514424461993329,2.2077480518518864,Iris-virginica
6.9031010160571,2.627471827355513,5.900252925173469,2.184474095117525,Iris-virginica
6.036876976849044,2.7418844967661493,5.6759183399735065,2.388768765734019,Iris-virginica
7.022621249813503,2.5993555292700328,5.945810886825291,2.0452696011061637,Iris-virginica
7.233076421554829,2.8586626044546364,5.771909143378249,2.332579664754219,Iris-virginica
6.2851345725662995,2.5808645444661025,5.624920202096199,2.303837885101932,Iris-virginica
6.192261569809263,2.1503533205668295,5.6646523424773,2.255174079991092,Iris-virginica
7.280104699895531,2.8610515913743804,5.676572017865199,2.315390073425575,Iris-virginica
6.052103320121832,2.8834437674450974,5.857127166977517,2.244921872128504,Iris-virginica
6.596077322723647,3.0103323035117526,5.053501793976103,2.1341751587666153,Iris-virginica
6.9814034850217865,2.7053117897235963,5.817695266476879,2.24468725008027,Iris-virginica
6.662980319656894,3.0511391312989713,5.511180230414616,2.1793388720303954,Iris-virginica
7.0440864678356885,3.0470918882905305,5.624040619130819,2.2224216404290793,Iris-virginica
7.085843916254647,2.3850176164267567,6.147722219486769,2.166374526131893,Iris-virginica
6.970195973296092,3.3591740770935683,5.38849789083086,2.1290558997572457,Iris-virginica
6.684580521649718,2.7648739436626717,6.320480972751042,2.114322790617321,Iris-virginica
6.577781288205253,3.061316709480893,5.439355142177173,2.160431928824374,Iris-virginica
6.92698130450007,2.9001418786852464,5.771983942330015,2.147066788755163,Iris-virginica
6.194211876327693,3.0964779634017714,6.3264799214941725,2.201840163078344,Iris-virginica
6.89010564689902,3.207816826535058,5.41920085103599,2.3702514658129608,Iris-virginica
6.88093151856912,3.4895570697267324,5.580090101342803,2.3818061922557825,Iris-virginica
7.110062197613913,3.1659120257557074,5.870207336305945,2.175147138192555,Iris-virginica
7.280212663389549,3.042107960954414,5.209879088923854,2.0882813538293,Iris-virginica
6.725661699122901,3.0929996949496665,5.783023453330031,2.3218970789793665,Iris-virginica
6.01955925438455,3.043076380951548,5.254606232383853,2.275971229548417,Iris-virginica
6.762216514223199,3.1258829916072353,5.54083511182307,2.327946493165775,Iris-virginica
7.2166898656235405,3.1750632909035663,5.761144825940968,2.2579857285295133,Iris-virginica
6.51724297280506,3.2566666977062138,6.294844268297176,2.3070610559979188,Iris-virginica
6.508159012077036,3.108425195181931,5.412057536872405,2.257239031117568,Iris-virginica
6.980241365145015,2.4390550981403507,5.4514648468262905,2.1716861103256235,Iris-virginica
6.679656101143669,2.6371569193743585,5.916693618805655,2.2251473608940513,Iris-virginica
6.722292347208592,2.773262549952491,6.1146121379249685,2.36554071130883,Iris-virginica
6.606575406461385,2.816349924853554,5.947362299623599,2.1641970620253015,Iris-virginica
6.744241119734706,3.221895945517401,5.227193173747812,2.331830232485267,Iris-virginica
6.829072209731736,2.876552056631346,5.773229753733565,2.196242935502052,Iris-virginica
6.10751947862203,3.4484814682359706,5.812397689681186,2.244300213044738,Iris-virginica
7.180619908229617,2.69365126273191,5.942041569710568,2.173235890910121,Iris-virginica
7.138708310086598,2.3618317738945516,5.770271709927619,2.139717934421604,Iris-virginica
6.972905180253662,3.1410132562104605,5.587712231553392,2.1287826135823957,Iris-virginica
6.755733852577068,2.7310073318054378,6.0525951086356375,2.1630792799552556,Iris-virginica
5.637204712271343,2.8875533830134583,5.4884368537468085,2.0368724184539055,Iris-virginica
6.305029344710971,3.032822541549891,6.198592248474469,2.231318447386498,Iris-virginica
6.557398644713704,3.1367712585512106,5.6622729069343025,2.130539963083686,Iris-virginica
6.338254932706806,2.474451357974484,5.683022888032166,2.2158053489920135,Iris-virginica
6.761350531994044,2.8752099216157925,5.516276181790966,2.260824619168497,Iris-virginica
6.2731472320213655,3.2328083741530427,5.499334894321983,2.1247564762646967,Iris-virginica
6.213285923753729,2.849579355934309,6.092593737543393,2.2515628088443957,Iris-virginica
7.191368844811214,3.1566427637801806,5.468899051440889,2.1669210775672445,Iris-virginica
6.487920348353015,3.399172471211712,5.440963406072107,2.2893697689389114,Iris-virginica
7.157181548043508,3.548886060514826,5.677094022211151,2.2712322159580163,Iris-virginica
7.712660734615537,2.814707496919891,5.339487925740292,2.0119989966092238,Iris-virginica
7.085084811544532,2.435054937582425,5.688304284118623,2.243731318703896,Iris-virginica
6.874070214731965,3.1276334592552515,5.866686956740256,2.3278865813313394,Iris-virginica
6.419073447704481,2.7969014584624405,5.568202166418753,2.283019181186261,Iris-virginica
7.160159435358025,3.1353675957955525,6.1550481000669786,2.082195913262362,Iris-virginica
7.466889644620455,3.4569715865136774,6.0206865991737235,2.378179890877106,Iris-virginica
6.13735071692889,2.8426655591212047,5.579408961795414,2.2721479323757343,Iris-virginica
6.379943704159142,3.227248544801246,6.211160843199014,2.2695202900084,Iris-virginica
6.9135004094646,2.7036379977297753,5.545944710162391,2.324961890529667,Iris-virginica
7.111739601562133,2.9882941441867366,5.6746271362702325,1.9974192126888624,Iris-virginica
6.371659032526225,3.573425726141917,5.41586332869926,2.218947982122108,Iris-virginica
7.202977589278079,2.6235231995993122,5.855413142434325,2.2937915537510656,Iris-virginica
6.8049997287629,3.8605209167000307,5.299420222336542,2.3058728529883883,Iris-virginica
6.730879305041414,3.2315760464510026,5.932392145509773,2.1266843802890003,Iris-virginica
6.891598556983736,2.442629564580514,5.980974250171418,2.2298158465990525,Iris-virginica
7.05546406745724,3.317435497526145,5.910285952062913,2.2148089419798276,Iris-virginica
6.447572665335483,2.786333770905285,6.156020386053199,2.343633540570598,Iris-virginica
6.7047558254751785,3.0138008241759824,5.52861568750187,2.3172756845267446,Iris-virginica
7.066166729476711,3.582365230939125,5.536503076846079,2.1621992100981786,Iris-virginica
6.892578369010229,3.1939468613177313,5.7352997087357105,2.1127038909546303,Iris-virginica
7.152563011569429,3.2163406087636743,5.525117769830882,2.33554428011055,Iris-virginica
7.268079483678641,3.0402889491743377,5.82387935871281,2.2554057771115907,Iris-virginica
6.455318771897496,3.0090094437492247,5.154284936617246,2.2876455645502936,Iris-virginica
6.175402711023256,3.4510259485286996,5.700963971810065,2.1788333018068826,Iris-virginica
6.548906437566197,2.913588337823377,6.225559403544411,1.9512191343464922,Iris-virginica
7.310786154435275,3.1014070443305126,5.437893505642835,2.0924687606950765,Iris-virginica
7.470557210883281,2.7163479360171805,5.453994846821212,2.313731454236473,Iris-virginica
6.935421150514365,2.71862232703908,5.864987492621386,2.0974247316359724,Iris-virginica
7.240328559369042,3.31841128946194,5.9596018596465825,2.236166106124702,Iris-virginica
7.50447524994695,2.9999058982164675,5.44543776237376,2.244947391283231,Iris-virginica
7.6344188198148455,2.695572152044244,5.691561169991804,2.2416446038101454,Iris-virginica
6.778438060397704,2.7053089258868055,6.136557356869141,2.432004072201726,Iris-virginica
6.878452583609563,2.7287795130792,5.335311842483957,2.225797598122118,Iris-virginica
7.241550937326503,3.1425503239486146,5.799278847724343,2.1410728348210695,Iris-virginica
6.363134546912764,3.2504253978974647,6.074131486415675,2.045427021330927,Iris-virginica
7.4359355912722735,3.1722213662682,6.219878393543738,2.065787225151489,Iris-virginica
6.2536703378338245,2.955309207069811,5.950835328068558,2.3796360822926967,Iris-virginica
7.082431565526052,2.92719561695639,5.492089237700232,2.323000057271915,Iris-virginica
6.414117829699714,3.4885405664316966,5.714684605118047,2.359058207261785,Iris-virginica
7.0715725160237115,2.9589013531672625,5.644181088452162,2.165909212265392,Iris-virginica
6.971326676950095,3.023146948865315,5.621856577579388,2.183436858968237,Iris-virginica
6.831430811887659,2.3613797716755562,5.9374504344366095,2.1020278775283194,Iris-virginica
6.338667038717702,2.493796695866787,5.261832250639633,2.064455249688771,Iris-virginica
6.5163916169478036,3.5859777412579703,5.6422360972314385,2.2177750106268035,Iris-virginica
6.960192554602531,3.0393195558647546,5.776766961782202,2.0804706236400756,Iris-virginica
7.380371019311685,3.5421589930913653,5.295202391763194,2.097597140911362,Iris-virginica
6.688075863049197,2.7106386615269424,5.95178966603676,2.1271727797593387,Iris-virginica
7.666022427122641,3.357164578303079,5.863772209189665,2.3026986263319733,Iris-virginica
7.242360169742923,2.830815753582527,5.555134826637411,2.207814306296965,Iris-virginica
7.1446544497991775,3.0417181195960254,5.3269010553427005,2.119717555604916,Iris-virginica
6.770410854562249,2.977300318702251,6.391762653036942,2.0614012057601006,Iris-virginica
7.00223569673435,3.446733932498487,6.481434923626838,2.159560257681604,Iris-virginica
6.99657178108808,3.170928107159594,5.858644519465987,2.1901154798760696,Iris-virginica
6.974390155800018,2.2403261744340943,6.004620847018789,2.2126177903661968,Iris-virginica
6.711010041288693,3.614058658715867,5.597519794362834,2.1596924010934972,Iris-virginica
7.596621320881893,2.750381608545043,5.634965415119038,2.1852974576569153,Iris-virginica
7.13629379285182,3.062340752205994,5.412212395854321,2.1467831436872813,Iris-virginica
6.557058226715116,2.9768336864330864,5.9277530975889485,2.241820575588797,Iris-virginica
6.0895952983806385,3.3191822962682567,5.875770653798987,2.3384532047593907,Iris-virginica
6.977679330916269,3.330396887320729,5.939963593435038,2.334622575620275,Iris-virginica
7.008900254407111,2.9706254260671288,6.481730416134065,2.2889037122279894,Iris-virginica
7.029497768401765,2.6171086750384993,5.4135077147609385,2.2292715482141854,Iris-virginica
6.858208479107296,2.815763230497505,5.842294809883618,2.35886269280436,Iris-virginica
7.07816098982012,2.6576974470741783,5.766547351857117,2.119503351914744,Iris-virginica
6.644920033436575,2.875915300311107,5.656706325218798,2.0744864628026605,Iris-virginica
6.748938127392724,2.831817708945807,4.9211653929993195,2.4052972024501664,Iris-virginica
7.235507861686669,2.887109782522501,5.805645714922179,2.082834565268244,Iris-virginica
7.478289151124346,3.5691866084319335,5.8470081184739575,2.3023530644185346,Iris-virginica
6.870114711573569,2.5989823683372206,5.676452989310903,2.213192796677196,Iris-virginica
6.6181809125026225,2.934404016769489,5.772580132747265,2.191912150213454,Iris-virginica
6.820903396198993,2.6818184800810196,5.584895155261619,2.0715415734300033,Iris-virginica
7.19112621987448,2.368305917447903,6.146077102995077,2.3386349397262847,Iris-virginica
6.679127765206951,2.2190588736518104,5.691606831409812,2.193581583871118,Iris-virginica
6.3957607120284345,2.8454344818575272,6.259058559659005,2.2664927162301742,Iris-virginica
6.43017435424876,2.5207202491213705,5.701894804717068,2.1786543220649564,Iris-virginica
6.998479674945326,2.8394049862297024,5.953449872608558,2.393515404006023,Iris-virginica
7.126200408977705,2.985573447800768,5.745054858684012,2.164332686582013,Iris-virginica
7.272256364980858,2.8118059662146093,5.813566812699994,2.2051197901881086,Iris-virginica
6.599286322875387,2.5882603356347698,5.896892351085301,2.193899602814462,Iris-virginica
7.000096187774628,2.83991990806825,6.166246389643915,2.112322621878816,Iris-virginica
7.484816113607157,2.4757090470515215,5.9304310193670675,2.2475430682526625,Iris-virginica
6.481777172823647,3.1273181813583038,6.183855600928047,1.9783181160645937,Iris-virginica
7.001097922996325,2.252018753900977,5.510300558943038,2.3629166364900946,Iris-virginica
6.567287186643179,2.6478360106773082,5.740618681304595,2.4067906338163554,Iris-virginica
6.0673271011175895,2.6846070265081967,6.249229504953888,2.3857702343537737,Iris-virginica
6.758627510283886,2.6282841892420072,6.428753050542747,2.3594442391749197,Iris-virginica
7.071578795104893,2.756279295318774,5.785291197748589,2.183963991895517,Iris-virginica
6.932340521846231,3.435300431439401,6.06382511234122,2.0922623923015244,Iris-virginica
7.350598580007815,3.0939396420039467,6.006119738757675,2.3466540859278604,Iris-virginica
6.3553679001945795,2.989252326388061,5.640563634592235,2.0432140574634547,Iris-virginica
6.938683991041968,3.753466965475327,5.247976676648274,2.1967719388950533,Iris-virginica
7.056217174029909,3.0369234604968542,5.766061584245278,2.070078363655418,Iris-virginica
6.893114697176065,2.772970806895222,5.143023488506434,2.3194592220513734,Iris-virginica
7.183354327936817,3.015498293055324,5.8687224064617105,2.3074318012715564,Iris-virginica
6.889735862711233,3.271205266428394,5.710755339737845,2.331198373857395,Iris-virginica
6.9283142903730734,3.058215583081762,5.41898167338639,2.228695585430171,Iris-virginica
6.4672180330022195,2.8085151820414516,5.5553873115051635,2.0933765068100776,Iris-virginica
7.649908561206784,3.399401718596521,6.376110250643278,2.0777104980444436,Iris-virginica
6.828501499964357,2.6119477124387713,5.59129153684088,2.108187301658343,Iris-virginica
7.295833602576624,2.881131096569472,6.1205138001082044,2.260412088958852,Iris-virginica
7.721455500841915,2.556166733058083,6.17776997193604,2.314644087040073,Iris-virginica
6.410648464789186,3.302140000941948,5.900843488907868,2.1772523740046594,Iris-virginica
6.4704258052112,2.7842671645652444,6.414943628735777,2.2000682818957484,Iris-virginica
7.112852000612584,2.762730185499734,5.566044116133508,2.3081984809249945,Iris-virginica
6.260169515379387,2.8754358696284186,5.81020822332167,2.2111372601840054,Iris-virginica
6.728362685993537,3.118745934328777,6.007856726745343,2.2734637545459333,Iris-virginica
6.405678476532869,2.9147534706213607,6.158428858563081,2.2894647187573876,Iris-virginica
6.2508562194075745,3.1054439701056604,5.206532425187556,2.2046934902060373,Iris-virginica
7.559106806698391,2.715632184819304,5.549703086352525,2.2764029781572863,Iris-virginica
6.182879393916141,2.8101734910344884,5.978932341274525,2.1365714152310598,Iris-virginica
6.705612005115611,3.2232557130945105,5.926463825060968,2.2266818396295402,Iris-virginica
6.664351088291984,3.1110183345806868,5.762880195970073,2.2457805609925785,Iris-virginica
6.601227189952809,2.9452293076861378,5.503012662234395,2.1964992389993765,Iris-virginica
6.4755996545484615,2.6657860649514022,5.877598344356616,2.221273977585766,Iris-virginica
7.113149493979429,2.8706623291274704,5.922415854051026,2.2550797572273664,Iris-virginica
6.977909523132638,2.7523038951593572,5.844809044681356,2.2364140296054664,Iris-virginica
6.802871386763177,2.3740567024886747,5.848146887192044,2.4212531039397245,Iris-virginica
6.655984292497207,2.781576870643404,5.912004567913419,2.2312378210466575,Iris-virginica
7.2770940661665655,2.6226395532273337,6.019414075772498,2.2590422061251467,Iris-virginica
6.743141385223781,3.101606195376507,6.108837244479507,2.287231538002845,Iris-virginica
6.342792275170508,3.2460474560266452,5.780593418490244,2.207287409801552,Iris-virginica
6.829278796400677,2.954927103360522,6.157512249132119,2.191628204015079,Iris-virginica
6.352181548646732,2.8819410432090815,5.853608415043142,2.322921478429705,Iris-virginica
7.041237873979533,2.744839416375887,6.5455569750036675,2.2264775310977982,Iris-virginica
7.310156295199606,2.9544856699268314,5.960007773411634,2.2839468504518408,Iris-virginica
7.287277884701703,3.3172104916134675,6.061659100021894,2.168491326880589,Iris-virginica
6.571301583217576,3.0997822530972594,6.0799384217023205,2.1777279299223395,Iris-virginica
7.226068786285754,3.435785023645854,5.525103724277974,2.116307929620372,Iris-virginica
6.743849976437866,3.0922838004567588,5.642629895869884,2.3352202678867147,Iris-virginica
6.96962674460738,3.011834114472222,5.369227142839442,2.0684184183572496,Iris-virginica
6.912403700112723,2.3602213121535494,6.103791222893221,2.184184615562768,Iris-virginica
8.097237187837893,3.692374875184833,5.745565279225745,2.189366299746869,Iris-virginica
7.198232605600812,3.510951782975411,5.308591282769195,2.0213624534645316,Iris-virginica
6.551186077778247,3.1748212749521594,5.949062077152279,2.306977145498385,Iris-virginica
6.320120988653876,2.305156841109337,6.057404258590643,2.117180372703477,Iris-virginica
5.9926048542445445,3.0435191237878145,6.037952706465603,2.1877942867878724,Iris-virginica
6.616860645527004,2.952191330356228,5.688825171279765,2.0651952888059837,Iris-virginica
6.514127729203827,3.156383971504144,5.89650356241295,2.216805980596682,Iris-virginica
6.401940607258648,2.9455490513592997,5.146880486067143,2.2178476663885394,Iris-virginica
7.3715430831254265,2.5577603603873684,5.624221698004673,2.232910677871013,Iris-virginica
7.301137053770994,2.8655326151099554,5.5923249012202305,2.003107685758392,Iris-virginica
6.8413752517232425,3.6126228120431234,5.883207538589403,2.197772102081629,Iris-virginica
6.928832924306794,2.9966723988154196,5.556095688321961,2.2823279915677706,Iris-virginica
6.890304609244701,3.005283975580097,5.5073901918165244,2.330350793193476,Iris-virginica
7.065881098133244,2.834123748789809,6.100547456104581,2.1502429161614796,Iris-virginica
6.487198602995585,2.7720890647559138,5.268679434073572,2.2471542380418206,Iris-virginica
6.067542048664659,2.631466850620271,5.17732359727644,2.191393030720911,Iris-virginica
6.739871815891251,2.901991136044091,5.487226691598827,2.0827766246563364,Iris-virginica
6.9857479454186295,2.8348344204874536,5.894907496460843,2.1114751313875777,Iris-virginica
6.872425097108433,3.390983411194819,5.975849740117835,2.1587586181783522,Iris-virginica
6.902879588142371,2.9278004476409363,5.802364055408418,2.1674388947851497,Iris-virginica
6.7342659176458435,3.0636280059222525,5.501992390125414,2.0984121173010024,Iris-virginica
6.244582978467515,2.519918668648887,5.434815192333856,2.215946250680413,Iris-virginica
6.442884993803246,3.1540843392693287,5.810414124625768,2.0031495786561946,Iris-virginica
7.061990233688675,3.243239593677513,5.501841197549544,2.2420191542894994,Iris-virginica
6.457400705036321,3.0293011130245007,5.42065047791351,2.0206893547465423,Iris-virginica
6.646873124154812,2.9628813161175493,5.680696091915618,2.081596944177744,Iris-virginica
6.640040375147545,3.0807884257742204,5.786532090963239,2.2182501030599213,Iris-virginica
6.5319539198183065,3.351515374414848,5.447147999033565,2.248756029708672,Iris-virginica
7.272756437183984,3.1442724278246685,5.739242731880551,2.1471702953337024,Iris-virginica
7.214435060418502,2.5731075224214983,5.508962721886107,2.160244223450828,Iris-virginica
7.295061503004799,3.113930290812269,5.509586272446926,2.16896922946151,Iris-virginica
6.554270742361482,2.7870633023299396,6.093666867567034,2.0628256870736497,Iris-virginica
7.443512342293749,3.2484689070553867,6.127258501181109,2.153706048797474,Iris-virginica
6.740023712368356,2.5700544556425866,5.642601277879959,2.2493654847643154,Iris-virginica
7.318425224712558,2.6678529549592644,5.69034821890442,2.184870077976748,Iris-virginica
6.241684319123006,3.1774047725275203,5.582802900477217,2.1804609648822977,Iris-virginica
6.619220251235249,2.763198448284098,5.797886504355834,2.178439042143198,Iris-virginica
6.651256847088534,2.781461513495897,5.8958574012348866,2.365361726849229,Iris-virginica
6.85595489313565,3.298835464473339,5.382933422453961,2.2157761439293773,Iris-virginica
6.3610526724115735,2.5569225217404297,5.578188577762289,2.3191899334413573,Iris-virginica
7.180006331467858,3.07290141661632,5.340189832033021,2.1803719348612063,Iris-virginica
6.920680003560694,3.0526608688735792,5.246861924955776,2.110968215198013,Iris-virginica
6.774368894340514,3.160887272855157,5.141161653670016,2.183787602452014,Iris-virginica
6.857219507951581,3.2548835965548637,6.007857275271231,2.258257131880881,Iris-virginica
6.480023797319226,2.4275993588630076,5.68208417288158,2.300163182520856,Iris-virginica
7.357381811009772,3.2131647306893356,5.92880224684052,2.2379639648385967,Iris-virginica
6.5775525012956875,2.960981911933914,6.3007208577478995,2.1057441994208124,Iris-virginica
7.445911516283941,2.9033915536523827,6.197629632728523,2.059318499050246,Iris-virginica
7.034361680465859,2.7789689592157134,5.375419842422744,2.2218534042410947,Iris-virginica
7.203788715438387,2.746517568421951,5.35029521186248,2.1908155235665046,Iris-virginica
6.765025868489127,3.1644958882663494,6.084878371409347,2.1940584818727507,Iris-virginica
7.542201325917705,3.0672704233605876,5.69607204819793,2.038843264089717,Iris-virginica
6.694936191873532,2.899083916376659,6.088091438884441,2.2462483624066856,Iris-virginica
6.328252351346953,3.051676315923311,6.001459351518716,2.3528031359387835,Iris-virginica
7.155001586965623,3.2282539962934433,5.818025798384549,2.238831200542345,Iris-virginica
7.299801960282464,2.600166780756105,5.695168201834913,2.122743125124376,Iris-virginica
6.951661247490449,3.369066652695236,5.620907713983677,1.9609695632530564,Iris-virginica
6.635111701990212,3.274042119605222,5.961288970884964,2.2428186247810578,Iris-virginica
6.688002679250208,2.616290779134064,5.95458829648734,2.1165718189965377,Iris-virginica
7.673638693352182,3.171152162506355,5.625805509233815,2.1388614752611375,Iris-virginica
6.762822317354565,2.9281494233934753,6.135050132658986,2.2186416169744048,Iris-virginica
6.507347304436589,3.5671322055467347,5.8147924994560665,2.27688396759689,Iris-virginica
6.556709397022096,3.108934688323357,5.8933329973429585,2.011035070790385,Iris-virginica
7.6061100441842555,3.3871933382767643,5.680841405156204,2.0897730259544147,Iris-virginica
6.939024645521421,3.026009309824319,5.9067006845689685,2.2191577396194093,Iris-virginica
7.00249639572237,3.434191709817542,5.970430961538594,2.095034450109006,Iris-virginica
7.345025141084981,3.492184369046486,6.745617020353626,2.0876505966760406,Iris-virginica
6.897152805260109,2.375370389043304,5.965944746913762,2.1451799701833227,Iris-virginica
7.569378317929981,2.7676155089944254,5.2932450886098215,2.152873625929748,Iris-virginica
6.009804891513145,3.225329836352193,5.180475086123104,2.202845758118316,Iris-virginica
